created_date,subs_count,comments_count
2021-04-15,12,63
2021-10-23,1,70
2021-03-30,4,60
2021-03-07,2,27
2021-11-19,1,56
2021-04-25,4,15
2021-12-28,1,13
2022-05-24,2,26
2021-01-11,8,120
2021-09-01,4,28
2021-06-23,4,58
2022-12-16,3,43
2021-10-16,1,25
2021-06-24,6,58
2021-07-28,4,35
2021-05-15,7,87
2021-07-16,2,58
2021-01-10,10,227
2021-01-13,12,103
2022-11-03,2,40
2021-02-22,1,37
2022-06-24,1,59
2021-10-04,1,51
2021-12-14,1,16
2021-06-08,5,68
2021-06-05,8,39
2022-07-20,1,30
2021-04-08,8,29
2021-10-03,1,43
2021-06-16,4,24
2021-01-21,6,53
2021-04-16,7,53
2021-04-28,4,61
2021-07-24,4,39
2021-11-01,1,18
2022-03-31,4,61
2021-05-19,6,91
2021-09-02,3,44
2022-08-18,1,42
2021-04-20,6,62
2021-01-08,6,108
2021-05-16,1,133
2021-03-23,2,65
2021-01-19,13,124
2022-07-14,1,57
2022-06-13,8,295
2021-01-14,2,85
2021-12-07,2,23
2021-01-06,3,55
2021-09-17,3,74
2021-06-29,4,77
2021-05-14,4,72
2021-01-29,5,31
2021-05-12,4,50
2021-07-25,3,31
2021-07-05,3,51
2021-11-11,2,432
2021-03-28,1,24
2021-01-18,6,98
2022-03-29,2,27
2021-04-23,10,44
2022-12-06,1,47
2021-03-25,6,35
2021-10-02,3,31
2021-09-20,2,32
2021-08-17,4,46
2021-09-05,1,41
2021-08-09,3,55
2021-04-11,1,35
2021-02-09,6,67
2021-04-03,5,42
2021-02-11,5,66
2021-01-07,3,133
2021-05-03,8,74
2021-07-14,3,52
2021-07-17,2,19
2021-08-30,3,23
2021-01-15,4,62
2021-02-13,3,36
2021-02-10,8,36
2021-03-10,5,41
2021-01-12,8,78
2021-04-21,8,58
2021-01-20,8,77
2021-01-24,3,38
2021-12-29,1,69
2021-03-13,3,31
2021-06-27,2,32
2021-04-01,6,41
2021-03-05,6,24
2022-09-09,3,44
2021-08-31,2,77
2021-09-22,2,41
2021-01-26,3,47
2021-06-15,5,45
2021-04-30,1,47
2021-03-11,2,32
2021-01-27,5,61
2021-08-19,6,98
2022-04-14,1,40
2021-03-09,3,54
2021-09-27,2,38
2021-02-05,6,39
2021-07-08,3,48
2021-06-30,4,42
2021-03-26,5,37
2021-09-08,3,37
2021-08-11,2,57
2021-01-17,5,55
2021-04-02,4,22
2021-07-29,3,32
2021-11-30,1,36
2021-03-24,6,18
2021-10-31,1,12
2022-12-29,8,41
2021-05-17,4,86
2021-04-29,4,104
2021-10-07,3,29
2021-12-17,1,24
2021-03-31,2,47
2021-08-18,4,64
2021-08-21,4,77
2021-08-02,1,44
2021-10-19,1,23
2021-05-20,3,35
2021-04-22,7,58
2021-05-13,3,60
2021-03-12,5,40
2021-04-26,2,39
2021-02-07,2,29
2021-03-01,5,29
2021-07-13,2,40
2021-07-21,1,29
2021-04-13,7,65
2021-03-15,10,116
2021-03-19,4,27
2021-07-20,1,42
2021-04-12,6,75
2021-05-05,9,57
2021-01-25,2,32
2021-04-14,10,52
2021-08-25,6,45
2021-11-23,2,62
2021-05-29,1,25
2021-02-24,1,38
2021-06-07,8,41
2021-11-09,3,16
2021-02-19,3,23
2021-08-15,2,64
2021-11-22,1,76
2021-08-22,2,37
2021-03-18,8,52
2021-03-03,5,61
2021-01-05,2,86
2021-05-06,7,32
2021-05-18,7,140
2021-06-28,11,42
2021-08-16,1,112
2021-03-20,7,19
2021-09-03,4,135
2022-10-30,2,20
2021-06-22,5,40
2021-03-08,5,37
2021-11-29,8,22
2021-04-06,5,49
2021-02-18,4,30
2021-04-19,6,35
2021-03-02,9,19
2021-03-22,4,44
2021-03-16,11,29
2021-01-28,4,31
2021-02-17,3,16
2021-01-22,10,117
2021-02-16,3,71
2021-02-20,7,41
2021-04-05,2,29
2021-05-21,5,68
2021-05-31,3,74
2021-02-15,3,28
2021-02-04,8,38
2021-01-16,10,59
2021-02-06,17,36
2021-02-12,4,39
2021-05-10,4,47
2021-01-31,1,27
2021-06-10,8,100
2021-02-25,5,46
2021-05-02,1,35
2021-01-04,2,57
2022-12-24,1,16
2021-09-16,4,27
2021-02-26,21,45
2021-03-17,14,66
2021-12-05,1,14
2022-03-08,4,32
2022-05-04,2,15
2021-06-11,12,62
2021-08-26,9,95
2022-11-01,2,97
2021-02-14,7,32
2021-11-21,3,38
2021-06-01,5,66
2021-06-25,5,53
2021-01-23,5,57
2021-05-07,5,24
2021-11-07,2,33
2021-05-04,5,36
2021-06-18,2,28
2021-02-27,1,41
2021-04-27,7,37
2021-08-10,2,58
2021-12-04,4,28
2021-09-23,1,23
2022-11-27,2,18
2022-05-27,3,24
2021-05-08,2,41
2021-07-12,4,32
2022-03-28,1,42
2022-06-16,2,48
2021-05-30,6,49
2022-03-15,2,51
2021-04-09,8,39
2021-02-21,1,37
2021-07-27,3,39
2021-08-20,6,65
2021-07-22,4,77
2022-05-28,1,25
2021-07-06,4,38
2021-01-30,3,18
2021-10-21,1,15
2021-07-09,3,34
2022-04-25,4,30
2021-06-09,7,76
2022-07-23,6,94
2021-03-04,1,56
2021-04-07,7,30
2021-03-29,2,28
2022-03-24,2,32
2021-08-28,3,55
2021-07-15,3,61
2021-02-23,1,40
2021-09-07,7,33
2021-09-09,2,44
2021-01-02,5,40
2022-05-15,1,26
2021-03-14,8,56
2021-07-01,5,61
2021-09-06,4,74
2022-10-22,2,30
2021-09-10,1,26
2021-11-02,2,30
2021-06-26,2,58
2022-02-27,1,140
2022-02-21,2,87
2021-11-04,2,22
2021-04-18,3,31
2022-02-24,2,180
2021-08-08,2,27
2021-05-25,9,35
2021-07-30,2,59
2021-08-03,7,34
2021-08-27,9,74
2021-08-05,3,52
2022-12-07,2,55
2022-07-15,3,25
2021-11-24,1,37
2021-09-15,4,49
2021-05-11,2,61
2021-12-10,1,19
2022-04-11,1,21
2022-06-06,2,21
2022-02-10,2,65
2021-12-20,3,24
2021-08-23,3,62
2021-05-26,8,64
2021-05-27,7,43
2022-04-20,1,55
2022-05-05,10,32
2022-08-09,2,49
2022-06-01,1,40
2022-06-15,3,35
2021-09-04,5,88
2021-05-09,1,29
2021-04-10,3,50
2021-12-31,2,37
2021-11-14,1,35
2021-06-14,3,29
2021-02-02,7,46
2021-06-19,1,53
2022-05-03,2,35
2021-06-06,7,36
2022-08-24,4,41
2021-01-03,1,10
2021-10-08,6,30
2021-11-25,5,27
2022-06-23,2,39
2022-09-30,1,19
2022-11-23,2,30
2021-06-17,3,32
2022-12-20,2,45
2021-09-12,1,79
2021-07-31,2,95
2022-09-01,6,29
2022-06-02,4,38
2021-06-04,11,76
2021-06-02,1,42
2021-04-17,8,36
2021-11-12,1,62
2022-11-22,2,25
2022-11-28,1,26
2022-01-05,4,23
2022-07-02,2,27
2021-05-23,4,19
2021-09-21,1,34
2021-08-01,1,28
2021-02-03,4,58
2021-10-25,4,35
2022-03-21,4,34
2022-04-19,2,25
2021-04-04,1,29
2022-07-19,1,32
2022-09-16,4,29
2022-09-21,6,28
2021-10-20,3,38
2022-12-13,1,82
2022-01-04,1,38
2022-05-18,1,50
2022-07-08,2,46
2022-01-02,1,51
2022-04-12,1,26
2021-11-08,1,32
2022-11-16,1,47
2021-03-27,7,22
2021-08-24,7,57
2021-05-24,4,54
2022-07-07,5,35
2022-06-07,5,26
2021-04-24,2,31
2022-11-17,5,33
2022-10-25,2,40
2022-06-21,6,44
2021-05-28,5,68
2021-11-16,6,25
2021-01-01,1,16
2022-06-12,5,277
2022-12-14,4,24
2022-10-19,1,46
2022-09-06,7,31
2022-01-25,1,32
2021-03-21,2,26
2022-06-29,2,32
2022-06-08,3,23
2022-07-24,2,51
2021-10-28,2,24
2021-09-13,2,20
2021-05-22,5,32
2021-08-12,4,84
2022-02-11,2,99
2021-08-29,1,38
2022-09-02,3,134
2021-09-14,3,34
2021-11-03,3,28
2021-10-15,1,40
2022-12-22,5,51
2021-06-21,1,30
2022-03-10,3,20
2022-07-06,3,48
2022-07-26,2,34
2022-09-20,3,29
2022-10-21,3,136
2022-11-21,1,36
2022-09-05,3,30
2021-07-10,3,28
2022-04-22,2,22
2022-07-28,4,26
2021-10-29,6,43
2022-10-27,2,48
2022-10-05,2,56
2022-07-25,3,32
2022-07-18,4,35
2022-01-14,2,49
2022-06-17,2,40
2022-09-24,2,24
2022-12-21,4,40
2022-05-20,1,26
2022-02-02,4,55
2022-08-15,1,27
2022-04-06,1,45
2022-06-30,5,27
2022-12-19,1,30
2022-03-02,5,101
2022-10-14,1,29
2022-08-26,4,64
2022-12-01,1,26
2022-10-28,1,58
2022-06-11,1,22
2022-07-05,1,46
2022-12-05,2,30
2022-11-11,1,34
2022-02-26,2,57
2022-01-31,3,43
2021-10-17,3,43
2022-01-11,1,22
2022-05-26,1,38
2022-01-27,1,49
2021-11-15,2,27
2022-06-04,2,29
2021-06-03,9,43
2022-08-22,2,27
2022-02-16,2,43
2021-11-17,4,33
2022-06-10,5,34
2022-04-28,6,38
2022-05-29,4,34
2022-10-06,1,30
2022-10-13,2,27
2021-08-06,1,40
2022-03-16,3,27
2022-07-17,1,18
2022-10-20,1,49
2021-10-11,4,33
2022-08-01,1,26
2022-05-16,3,31
2022-09-26,3,88
2022-12-15,2,28
2021-09-19,2,32
2021-07-19,2,39
2022-07-29,3,21
2022-06-03,4,41
2022-10-17,2,24
2022-04-18,2,28
2022-12-28,1,16
2022-06-09,6,36
2022-12-27,3,29
2022-10-26,2,33
2021-10-12,1,42
2022-08-30,5,26
2021-09-29,3,25
2021-02-01,5,38
2022-04-05,10,22
2022-10-12,1,42
2022-08-05,2,32
2021-12-06,2,23
2022-08-25,3,35
2021-07-26,5,29
2022-06-27,1,19
2022-11-29,2,40
2022-02-08,1,18
2022-03-09,11,29
2022-11-02,1,33
2022-02-14,3,28
2022-07-04,1,27
2022-08-17,2,32
2022-08-02,3,37
2022-08-11,1,49
2021-11-06,1,43
2021-06-12,3,27
2022-04-29,4,51
2022-09-29,7,43
2022-06-22,6,28
2022-05-11,5,24
2021-11-10,1,20
2022-06-14,4,40
2021-07-23,3,40
2022-01-12,2,38
2022-10-24,4,14
2022-03-22,4,29
2022-08-10,3,45
2021-05-01,2,40
2021-09-28,1,30
2022-05-07,5,25
2022-09-13,3,17
2022-04-15,1,39
2022-08-31,3,24
2022-05-25,1,29
2022-07-12,3,36
2022-08-04,2,39
2022-03-25,1,30
2022-07-10,2,25
2022-12-31,5,43
2022-03-14,2,32
2022-04-09,1,23
2021-07-02,4,20
2022-09-27,4,71
2022-08-19,1,31
2021-12-23,3,24
2022-09-07,10,50
2021-10-30,4,44
2022-10-03,1,31
2022-07-22,3,23
2021-10-06,4,17
2021-12-16,1,21
2022-03-30,4,30
2022-03-05,2,37
2022-07-01,1,61
2022-09-23,2,29
2022-12-30,2,32
2022-07-13,3,14
2021-10-05,1,22
2022-05-19,5,26
2022-05-23,4,24
2022-11-13,3,27
2022-01-18,3,51
2022-04-13,3,36
2022-07-27,3,11
2021-11-26,1,29
2022-01-13,2,38
2022-02-25,3,86
2021-12-22,6,29
2022-04-27,6,21
2021-10-26,3,19
2022-09-14,3,28
2022-03-03,2,59
2022-01-28,1,18
2022-08-08,1,19
2022-02-03,2,52
2022-04-21,1,26
2022-02-22,2,56
2022-05-02,1,30
2022-05-06,4,33
2022-07-11,1,24
2022-03-12,2,21
2022-02-04,1,51
2022-12-08,3,41
2022-01-30,3,28
2022-11-09,1,37
2022-04-04,2,17
2022-02-15,3,41
2021-11-05,1,31
2022-03-26,2,53
2022-02-23,4,32
2022-08-29,5,17
2022-05-09,4,44
2022-10-15,1,37
2022-01-03,1,32
2022-12-09,1,37
2022-05-17,1,15
2022-07-21,7,37
2022-09-19,1,28
2022-08-16,1,25
2022-08-21,1,30
2022-11-30,1,33
2022-03-01,2,30
2022-01-21,1,15
2022-10-10,5,27
2022-02-09,1,25
2022-03-18,5,21
2022-08-06,1,38
2022-04-17,1,29
2022-12-03,1,30
2022-07-03,2,10
2022-10-16,2,16
2021-10-24,1,34
2022-04-02,1,28
2022-11-15,12,35
2022-06-19,4,12
2022-07-16,1,17
2022-04-26,7,26
2022-11-20,1,30
2022-06-20,4,9
2022-09-04,1,19
2022-01-07,2,35
2022-03-11,4,32
2022-10-11,1,14
2022-04-08,3,39
2022-02-17,2,25
2021-12-03,2,17
2022-12-17,1,16
2022-09-22,5,20
2021-12-12,1,20
2022-05-21,2,21
2021-10-01,1,13
2022-03-13,3,25
2022-02-20,3,80
2021-12-19,1,8
2022-04-07,5,26
2022-11-08,1,44
2022-10-08,3,21
2022-08-27,6,25
2022-09-15,4,49
2022-11-26,1,45
2022-06-05,5,13
2022-03-04,1,77
2022-12-04,5,27
2022-05-10,4,52
2022-07-30,3,14
2022-07-09,1,18
2022-08-28,3,14
2021-10-22,1,19
2022-09-11,4,22
2022-05-14,5,21
2022-07-31,1,32
2022-10-09,2,16
2022-04-01,2,17
2022-09-08,3,17
2022-12-11,1,43
2022-03-07,1,15
2022-12-18,1,14
2022-05-08,1,33
2022-11-05,1,55
2022-03-19,1,22
2022-09-25,4,22
2022-03-17,2,16
2022-09-03,1,34
2022-10-02,4,41
2021-12-27,1,8
2022-11-24,2,11
2023-01-05,4,32
2023-01-22,36,18
2023-01-28,3,37
2022-01-09,1,13
2023-01-27,2,75
2023-01-06,3,31
2023-02-04,4,106
2023-02-28,5,39
2023-03-13,3,25
2023-03-23,1,20
2022-04-16,1,19
2023-03-27,2,285
2023-01-23,37,34
2022-01-16,1,19
2023-03-29,19,102
2023-01-17,4,23
2023-01-11,5,83
2022-03-27,2,20
2022-08-20,3,21
2022-10-01,3,29
2023-02-22,7,42
2023-03-30,11,54
2022-09-18,3,7
2023-03-02,10,57
2022-03-20,2,35
2023-02-13,7,72
2023-03-14,8,20
2023-01-19,7,47
2023-03-04,1,27
2023-01-02,1,17
2023-03-31,12,172
2023-03-01,6,63
2023-02-09,7,98
2022-04-30,2,28
2023-03-21,5,28
2023-03-08,4,41
2023-02-21,5,24
2023-02-23,9,221
2023-03-20,4,32
2023-02-01,5,81
2023-02-15,13,23
2023-02-08,14,53
2023-03-28,13,73
2023-03-24,9,17
2022-08-07,1,7
2023-02-27,7,57
2023-03-03,2,26
2023-03-09,7,23
2023-01-09,4,25
2023-03-10,6,32
2023-03-06,5,13
2023-01-20,13,57
2022-03-06,1,28
2023-03-22,4,41
2023-02-20,7,49
2023-01-12,2,33
2023-02-19,5,80
2023-02-16,8,51
2023-01-26,12,31
2023-02-02,7,34
2023-01-25,6,35
2023-02-26,1,145
2023-02-18,8,23
2023-03-12,6,16
2023-02-03,11,69
2023-01-03,3,41
2023-01-16,3,16
2023-02-06,3,32
2023-01-24,27,74
2023-02-17,13,40
2023-01-18,6,38
2023-01-10,9,35
2023-03-15,7,21
2023-02-07,10,36
2023-02-24,5,51
2023-01-13,1,31
2023-01-15,5,27
2023-03-16,7,30
2023-03-11,4,28
2022-09-17,1,8
2023-03-17,2,42
2023-03-07,17,21
2023-01-21,20,68
2023-02-14,8,40
2023-01-29,1,16
2023-02-10,8,56
2023-01-07,5,31
2023-01-08,2,31
2023-02-12,4,63
2023-03-19,3,14
2023-01-04,3,41
2023-02-11,4,56
2023-02-25,7,113
2023-03-18,10,82
2023-01-30,5,13
2023-03-26,2,132
2023-03-25,2,24
2023-03-05,1,20
2023-01-14,3,39
2023-01-01,2,7
