Date,MSFT,NVDA,ADBE,GOOGL,AMZN
2021-01-04,211.60531616210938,130.83396911621094,485.3399963378906,86.30650329589844,159.3314971923828
2021-01-05,211.80938720703125,133.73976135253906,485.69000244140625,87.00250244140625,160.92550659179688
2021-01-06,206.3173828125,125.85541534423828,466.30999755859375,86.14399719238281,156.91900634765625
2021-01-07,212.1885528564453,133.13369750976562,477.739990234375,88.71700286865234,158.10800170898438
2021-01-08,213.48135375976562,132.46270751953125,485.1000061035156,89.8915023803711,159.13499450683594
2021-01-11,211.41090393066406,135.90232849121094,474.239990234375,87.81449890136719,155.7104949951172
2021-01-12,208.92245483398438,134.53793334960938,471.6499938964844,86.87149810791016,156.04150390625
2021-01-13,210.29302978515625,135.0068817138672,472.04998779296875,87.36250305175781,158.29449462890625
2021-01-14,207.0658416748047,131.69949340820312,463.2699890136719,86.5459976196289,156.37350463867188
2021-01-15,206.7061767578125,128.29983520507812,458.0799865722656,86.38099670410156,155.21249389648438
2021-01-19,210.39022827148438,129.9534912109375,456.5,89.22350311279297,156.03799438476562
2021-01-20,218.06944274902344,133.3506622314453,469.7300109863281,94.00350189208984,163.16900634765625
2021-01-21,218.6818084716797,138.35667419433594,472.0199890136719,94.2074966430664,165.34950256347656
2021-01-22,219.63442993164062,136.81019592285156,472.44000244140625,94.62799835205078,164.6114959716797
2021-01-25,223.11436462402344,136.2190704345703,473.44000244140625,94.71399688720703,164.6999969482422
2021-01-26,225.83609008789062,134.0440673828125,476.2799987792969,95.39749908447266,166.30650329589844
2021-01-27,226.39015197753906,128.8809356689453,460.0,90.9469985961914,161.62899780273438
2021-01-28,232.25160217285156,130.21038818359375,465.6700134277344,92.66000366210938,161.88099670410156
2021-01-29,225.47645568847656,129.5993194580078,458.7699890136719,91.36799621582031,160.30999755859375
2021-02-01,232.95147705078125,132.0661163330078,470.0,94.65350341796875,167.1439971923828
2021-02-02,232.81541442871094,135.2563018798828,484.92999267578125,95.95600128173828,169.0
2021-02-03,236.20785522460938,134.994384765625,481.9200134277344,102.94400024414062,165.62649536132812
2021-02-04,235.2455291748047,136.32882690429688,489.3800048828125,102.68150329589844,166.5500030517578
2021-02-05,235.4302215576172,135.59799194335938,492.1199951171875,104.44149780273438,167.6074981689453
2021-02-08,235.6926727294922,144.0560302734375,493.760009765625,104.22599792480469,166.14700317382812
2021-02-09,236.95635986328125,142.3050994873047,496.04998779296875,103.76950073242188,165.25
2021-02-10,236.03292846679688,147.3035888671875,492.6700134277344,104.3239974975586,164.32899475097656
2021-02-11,237.65621948242188,152.15740966796875,496.6199951171875,104.4375,163.10650634765625
2021-02-12,238.14224243164062,149.26904296875,498.8399963378906,104.75150299072266,163.885498046875
2021-02-16,236.8882598876953,152.95059204101562,501.6400146484375,105.53500366210938,163.44749450683594
2021-02-17,237.92103576660156,148.71783447265625,491.2300109863281,105.93099975585938,165.4320068359375
2021-02-18,237.52154541015625,147.9495849609375,488.3699951171875,105.29049682617188,166.4114990234375
2021-02-19,234.7740936279297,148.92233276367188,479.1199951171875,104.44049835205078,162.4949951171875
2021-02-22,228.48019409179688,143.2279510498047,467.3299865722656,102.71299743652344,159.03700256347656
2021-02-23,227.27207946777344,141.09536743164062,467.79998779296875,103.00599670410156,159.72500610351562
2021-02-24,228.5191650390625,144.6571502685547,476.6199951171875,104.19049835205078,157.97650146484375
2021-02-25,223.10211181640625,132.76951599121094,459.1600036621094,100.79750061035156,152.85800170898438
2021-02-26,226.40493774414062,136.83016967773438,459.6700134277344,101.09549713134766,154.64649963378906
2021-03-01,230.84771728515625,138.09974670410156,469.57000732421875,103.48300170898438,157.3070068359375
2021-03-02,227.8566131591797,133.75474548339844,466.5899963378906,103.2239990234375,154.72650146484375
2021-03-03,221.70889282226562,127.75355529785156,448.45001220703125,100.57050323486328,150.25
2021-03-04,220.9001922607422,123.41854095458984,439.05999755859375,101.69650268554688,148.8784942626953
2021-03-05,225.64500427246094,124.32892608642578,440.8299865722656,104.85350036621094,150.0229949951172
2021-03-08,221.5432586669922,115.66636657714844,421.20001220703125,100.375,147.59750366210938
2021-03-09,227.76893615722656,124.95819854736328,439.17999267578125,102.01799774169922,153.1425018310547
2021-03-10,226.4439239501953,124.43922424316406,437.010009765625,101.80950164794922,152.8820037841797
2021-03-11,231.03282165527344,129.6814422607422,451.05999755859375,105.0270004272461,155.67950439453125
2021-03-12,229.68829345703125,128.30917358398438,444.29998779296875,102.5,154.47450256347656
2021-03-15,228.7724609375,131.65513610839844,447.5899963378906,102.72200012207031,154.08399963378906
2021-03-16,231.597900390625,132.65318298339844,450.5400085449219,104.19450378417969,154.59300231933594
2021-03-17,230.94512939453125,133.15220642089844,451.010009765625,104.11100006103516,156.7864990234375
2021-03-18,224.78762817382812,126.97676086425781,439.17999267578125,101.06700134277344,151.39950561523438
2021-03-19,224.42715454101562,128.2068328857422,441.5,101.3479995727539,153.7480010986328
2021-03-22,229.922119140625,131.605224609375,452.4100036621094,101.53450012207031,155.5435028076172
2021-03-23,231.4712677001953,130.45245361328125,460.20001220703125,102.06649780273438,156.875
2021-03-24,229.40576171875,126.18331909179688,451.510009765625,101.62650299072266,154.35350036621094
2021-03-25,226.36595153808594,125.10791015625,450.989990234375,101.62300109863281,152.31300354003906
2021-03-26,230.3995361328125,128.1419677734375,469.0899963378906,101.23650360107422,152.60150146484375
2021-03-29,229.19140625,129.22984313964844,469.32000732421875,102.28949737548828,153.7864990234375
2021-03-30,225.88856506347656,128.46636962890625,465.4599914550781,102.32350158691406,152.76449584960938
2021-03-31,229.707763671875,133.2220458984375,475.3699951171875,103.1259994506836,154.70399475097656
2021-04-01,236.11862182617188,137.84800720214844,483.3399963378906,106.48899841308594,158.0500030517578
2021-04-05,242.66583251953125,139.60208129882812,491.6199951171875,110.947998046875,161.3365020751953
2021-04-06,241.48692321777344,138.3445281982422,491.3399963378906,110.46299743652344,161.1909942626953
2021-04-07,243.47447204589844,141.15902709960938,493.4100036621094,111.95149993896484,163.96949768066406
2021-04-08,246.7383270263672,142.89065551757812,499.8399963378906,112.52149963378906,164.96499633789062
2021-04-09,249.27151489257812,143.7190399169922,504.0400085449219,113.53350067138672,168.61000061035156
2021-04-12,249.3299560546875,151.79324340820312,506.0299987792969,112.23100280761719,168.96949768066406
2021-04-13,251.84356689453125,156.4890594482422,514.8599853515625,112.72149658203125,170.0
2021-04-14,249.0181427001953,152.47190856933594,510.6300048828125,112.09549713134766,166.64999389648438
2021-04-15,252.8276824951172,161.0576171875,523.25,114.26249694824219,168.95449829101562
2021-04-16,254.0356903076172,158.8145294189453,525.0800170898438,114.13749694824219,169.9720001220703
2021-04-19,252.08717346191406,153.3177490234375,516.1699829101562,114.48799896240234,168.60049438476562
2021-04-20,251.6195068359375,151.41650390625,514.2100219726562,113.95050048828125,166.7344970703125
2021-04-21,253.87985229492188,153.3052978515625,512.3400268554688,113.9175033569336,168.1009979248047
2021-04-22,250.55755615234375,148.21275329589844,507.2900085449219,112.6259994506836,165.45199584960938
2021-04-23,254.4352264404297,152.35464477539062,515.8400268554688,114.99649810791016,167.04400634765625
2021-04-26,254.82489013671875,154.47799682617188,515.7000122070312,115.49649810791016,170.4499969482422
2021-04-27,255.23410034179688,153.5173797607422,517.3200073242188,114.54900360107422,170.8715057373047
2021-04-28,248.01463317871094,152.4694061279297,515.47998046875,117.9520034790039,172.9250030517578
2021-04-29,246.01734924316406,152.94847106933594,516.0900268554688,119.63800048828125,173.5655059814453
2021-04-30,245.69581604003906,149.8021697998047,508.3399963378906,117.67500305175781,173.37100219726562
2021-05-03,245.3840789794922,148.07803344726562,503.4599914550781,117.15399932861328,169.32449340820312
2021-05-04,241.418701171875,143.23248291015625,490.70001220703125,115.34149932861328,165.593505859375
2021-05-05,240.1326446533203,144.30288696289062,486.69000244140625,115.7385025024414,163.52699279785156
2021-05-06,243.308837890625,144.94664001464844,483.6099853515625,116.86750030517578,165.31849670410156
2021-05-07,245.96864318847656,147.83349609375,488.7300109863281,117.59649658203125,164.58050537109375
2021-05-10,240.82437133789062,142.379150390625,479.3800048828125,114.5875015258789,159.52450561523438
2021-05-11,239.89883422851562,142.78335571289062,485.19000244140625,113.50299835205078,161.19549560546875
2021-05-12,232.85475158691406,137.31655883789062,472.0899963378906,110.01249694824219,157.5970001220703
2021-05-13,236.78111267089844,136.38587951660156,474.1600036621094,111.4520034790039,158.07350158691406
2021-05-14,241.76947021484375,142.15206909179688,486.55999755859375,113.91899871826172,161.14500427246094
2021-05-17,238.87582397460938,141.37863159179688,482.739990234375,114.44599914550781,163.51950073242188
2021-05-18,236.82981872558594,139.88401794433594,480.6199951171875,113.12349700927734,161.61399841308594
2021-05-19,237.4157257080078,140.38308715820312,480.4700012207031,113.57499694824219,161.58999633789062
2021-05-20,240.69692993164062,145.83987426757812,491.6700134277344,115.34750366210938,162.38400268554688
2021-05-21,239.41763305664062,149.625,488.07000732421875,114.70649719238281,160.1540069580078
2021-05-24,244.8960418701172,155.81539916992188,497.8299865722656,118.052001953125,162.24949645996094
2021-05-25,245.81396484375,156.17218017578125,505.0799865722656,118.14350128173828,162.95249938964844
2021-05-26,245.58937072753906,156.69369506835938,506.9800109863281,119.0155029296875,163.25799560546875
2021-05-27,243.4605255126953,154.57781982421875,498.2799987792969,118.13400268554688,161.5054931640625
2021-05-28,243.8218231201172,162.1280517578125,504.5799865722656,117.84249877929688,161.15350341796875
2021-06-01,241.59530639648438,162.32766723632812,495.9100036621094,119.05899810791016,160.9324951171875
2021-06-02,241.4976806640625,167.4551239013672,495.7699890136719,118.52950286865234,161.69949340820312
2021-06-03,239.94500732421875,169.36639404296875,493.1400146484375,117.37899780273438,159.35049438476562
2021-06-04,244.90577697753906,175.4395294189453,504.5,119.67849731445312,160.31100463867188
2021-06-07,247.8549346923828,175.8462371826172,509.4700012207031,120.11499786376953,159.90049743652344
2021-06-08,246.64404296875,174.22940063476562,509.20001220703125,119.9219970703125,163.20550537109375
2021-06-09,247.6400909423828,173.2835235595703,514.6799926757812,120.39700317382812,164.0574951171875
2021-06-10,251.20445251464844,173.94984436035156,535.52001953125,121.75650024414062,167.4824981689453
2021-06-11,251.8392333984375,177.9454803466797,541.260009765625,121.51000213623047,167.3415069580078
2021-06-14,253.79226684570312,179.87713623046875,556.9500122070312,122.44550323486328,169.19349670410156
2021-06-15,252.2981414794922,177.57862854003906,548.4600219726562,121.41950225830078,169.156494140625
2021-06-16,251.34121704101562,177.7957000732422,543.3300170898438,120.77249908447266,170.7624969482422
2021-06-17,254.77854919433594,186.25112915039062,551.3599853515625,121.74349975585938,174.46200561523438
2021-06-18,253.34304809570312,186.0664520263672,565.5900268554688,120.11100006103516,174.34500122070312
2021-06-21,256.468017578125,183.95513916015625,567.3499755859375,121.8125,172.697998046875
2021-06-22,259.2804260253906,188.54217529296875,575.739990234375,122.33049774169922,175.27200317382812
2021-06-23,259.0460205078125,190.2442169189453,574.22998046875,122.12699890136719,175.1909942626953
2021-06-24,260.4327087402344,191.7241973876953,578.260009765625,122.5,172.45399475097656
2021-06-25,258.8018798828125,189.9822235107422,579.6599731445312,122.50849914550781,170.072998046875
2021-06-28,262.4150390625,199.50576782226562,588.7999877929688,122.53600311279297,172.1945037841797
2021-06-29,265.0322265625,199.92254638671875,590.75,122.27249908447266,172.40699768066406
2021-06-30,264.5439453125,199.68048095703125,585.6400146484375,122.0895004272461,172.00799560546875
2021-07-01,265.2275085449219,201.77188110351562,584.72998046875,122.44450378417969,171.64849853515625
2021-07-02,271.1355895996094,204.5171356201172,593.0700073242188,125.25749969482422,175.5489959716797
2021-07-06,271.14532470703125,206.62847900390625,596.9000244140625,126.19000244140625,183.78700256347656
2021-07-07,273.3620910644531,203.36659240722656,605.77001953125,126.4739990234375,184.82899475097656
2021-07-08,270.9109802246094,198.68470764160156,605.9500122070312,125.04399871826172,186.57049560546875
2021-07-09,271.4187927246094,200.15716552734375,604.5,125.51850128173828,185.9669952392578
2021-07-12,270.8133239746094,204.7716827392578,600.2000122070312,126.97550201416016,185.92750549316406
2021-07-13,274.3874816894531,202.15118408203125,605.010009765625,127.34149932861328,183.8679962158203
2021-07-14,275.8815612792969,198.0732421875,608.8300170898438,128.23699951171875,184.08399963378906
2021-07-15,274.4363098144531,189.33583068847656,606.1699829101562,127.00499725341797,181.55999755859375
2021-07-16,274.162841796875,181.2971649169922,606.0999755859375,126.97000122070312,178.68150329589844
2021-07-19,270.51055908203125,187.4740447998047,602.0499877929688,124.5780029296875,177.47950744628906
2021-07-20,272.76641845703125,185.79942321777344,608.719970703125,126.20950317382812,178.6595001220703
2021-07-21,274.7976379394531,193.76564025878906,612.260009765625,127.54900360107422,179.25999450683594
2021-07-22,279.4263916015625,195.6024932861328,623.6799926757812,128.42149353027344,181.90150451660156
2021-07-23,282.87359619140625,195.24310302734375,625.8699951171875,133.01499938964844,182.83200073242188
2021-07-26,282.26812744140625,192.60768127441406,620.7999877929688,134.03500366210938,184.99099731445312
2021-07-27,279.8169860839844,191.74916076660156,618.280029296875,131.89999389648438,181.3195037841797
2021-07-28,279.5044860839844,194.694091796875,620.9199829101562,136.093994140625,181.51600646972656
2021-07-29,279.7779235839844,196.2813262939453,621.7000122070312,135.77749633789062,179.99600219726562
2021-07-30,278.2252502441406,194.65414428710938,621.6300048828125,134.72650146484375,166.37950134277344
2021-08-02,278.1374206542969,197.15982055664062,618.75,134.85450744628906,166.57400512695312
2021-08-03,280.38336181640625,197.80868530273438,621.280029296875,135.6300048828125,168.31199645996094
2021-08-04,279.7876892089844,202.3907928466797,625.6799926757812,135.12550354003906,167.73599243164062
2021-08-05,282.72705078125,206.01454162597656,632.0800170898438,136.25149536132812,168.79949951171875
2021-08-06,282.6684875488281,203.3092041015625,631.3800048828125,135.73849487304688,167.2469940185547
2021-08-09,281.56500244140625,202.60040283203125,629.219970703125,136.91299438476562,167.093505859375
2021-08-10,279.7193603515625,199.01663208007812,621.739990234375,136.8070068359375,166.03399658203125
2021-08-11,280.2173767089844,196.6507110595703,626.030029296875,136.2790069580078,164.60549926757812
2021-08-12,283.01025390625,198.70713806152344,634.3499755859375,137.19400024414062,165.1750030517578
2021-08-13,285.9789733886719,201.5322723388672,637.3099975585938,137.7274932861328,164.69850158691406
2021-08-16,287.6878967285156,199.15638732910156,636.9400024414062,138.3094940185547,164.94949340820312
2021-08-17,286.2035827636719,194.24484252929688,635.010009765625,136.6614990234375,162.09800720214844
2021-08-18,284.45220947265625,190.07203674316406,626.77001953125,135.44900512695312,160.06100463867188
2021-08-19,290.3617858886719,197.6389923095703,637.6599731445312,135.67999267578125,159.3874969482422
2021-08-20,297.787841796875,207.80145263671875,647.3400268554688,137.42950439453125,159.99749755859375
2021-08-23,298.0716857910156,219.20176696777344,656.8599853515625,140.04150390625,163.2935028076172
2021-08-24,296.08551025390625,217.5546112060547,657.239990234375,141.26150512695312,165.28900146484375
2021-08-25,295.4886779785156,221.74740600585938,656.7999877929688,142.07899475097656,164.95899963378906
2021-08-26,292.6317138671875,220.29989624023438,652.3900146484375,141.4405059814453,165.8000030517578
2021-08-27,293.248046875,225.97010803222656,658.52001953125,144.00399780273438,167.48150634765625
2021-08-30,297.0345153808594,226.48919677734375,665.989990234375,144.5904998779297,171.07850646972656
2021-08-31,295.3614501953125,223.5038299560547,663.7000122070312,144.69749450683594,173.5395050048828
2021-09-01,295.3125305175781,224.06298828125,665.8900146484375,145.2154998779297,173.9499969482422
2021-09-02,294.6471862792969,223.61366271972656,664.6400146484375,143.28700256347656,173.156005859375
2021-09-03,294.637451171875,228.07675170898438,666.5900268554688,143.739501953125,173.90249633789062
2021-09-07,293.69818115234375,226.26953125,661.3900146484375,144.28050231933594,175.46449279785156
2021-09-08,293.72747802734375,223.04454040527344,663.219970703125,143.6909942626953,176.27499389648438
2021-09-09,290.8314208984375,221.42706298828125,661.6799926757812,143.54100036621094,174.20799255371094
2021-09-10,289.3246765136719,224.43238830566406,658.9400024414062,140.87600708007812,173.45750427246094
2021-09-13,290.57708740234375,221.17742919921875,645.1500244140625,142.33250427246094,172.85850524902344
2021-09-14,293.3165283203125,222.07603454589844,645.010009765625,142.54449462890625,172.5
2021-09-15,298.2380065917969,223.06454467773438,661.0800170898438,144.42950439453125,173.7895050048828
2021-09-16,298.6293640136719,222.07603454589844,665.1099853515625,143.61000061035156,174.41200256347656
2021-09-17,293.3948669433594,218.66136169433594,654.47998046875,140.8000030517578,173.12600708007812
2021-09-20,287.94512939453125,210.8035125732422,641.2899780273438,138.71949768066406,167.7864990234375
2021-09-21,288.4342956542969,212.1314697265625,645.8900146484375,139.0330047607422,167.18150329589844
2021-09-22,292.1327209472656,219.07070922851562,626.0800170898438,140.2834930419922,169.00250244140625
2021-09-23,293.09149169921875,224.4723358154297,630.8400268554688,141.21600341796875,170.8000030517578
2021-09-24,292.8861083984375,220.46853637695312,622.7100219726562,142.21499633789062,171.2760009765625
2021-09-27,287.8179931640625,216.26507568359375,603.6500244140625,141.07200622558594,170.2899932861328
2021-09-28,277.39788818359375,206.66993713378906,578.77001953125,135.8300018310547,165.79800415039062
2021-09-29,277.8675537109375,204.8527069091797,577.7000122070312,134.35350036621094,165.05599975585938
2021-09-30,275.8324279785156,206.8396453857422,575.719970703125,133.67599487304688,164.2519989013672
2021-10-01,282.8573913574219,207.09922790527344,577.469970703125,136.54299926757812,164.16299438476562
2021-10-04,276.9967041015625,197.01487731933594,558.489990234375,133.6595001220703,159.48899841308594
2021-10-05,282.52471923828125,204.1937255859375,566.7000122070312,136.0229949951172,161.0500030517578
2021-10-06,286.78082275390625,206.67990112304688,570.3099975585938,137.56500244140625,163.10049438476562
2021-10-07,288.4832458496094,210.42408752441406,578.9600219726562,139.22500610351562,165.1215057373047
2021-10-08,288.4832458496094,207.9878692626953,576.8599853515625,139.78550720214844,164.43099975585938
2021-10-11,287.87664794921875,206.6299591064453,573.0700073242188,138.91400146484375,162.31500244140625
2021-10-12,286.5557556152344,206.390380859375,580.6900024414062,136.44900512695312,162.3665008544922
2021-10-13,289.9117126464844,209.06617736816406,591.1199951171875,137.58200073242188,164.21400451660156
2021-10-14,296.21270751953125,217.1237335205078,607.510009765625,141.1510009765625,164.9929962158203
2021-10-15,297.6411437988281,218.28192138671875,610.0900268554688,141.3679962158203,170.4510040283203
2021-10-18,300.6546325683594,221.87635803222656,622.8300170898438,142.7779998779297,172.33700561523438
2021-10-19,301.5743103027344,222.55531311035156,636.0700073242188,143.23699951171875,172.20750427246094
2021-10-20,300.7720031738281,220.68820190429688,632.3699951171875,141.7689971923828,170.7530059814453
2021-10-21,304.0496826171875,226.569091796875,638.6599731445312,141.88600158691406,171.75050354003906
2021-10-22,302.48419189453125,226.90853881835938,643.5800170898438,137.56649780273438,166.77749633789062
2021-10-25,301.4765319824219,231.30177307128906,646.969970703125,137.44700622558594,166.01849365234375
2021-10-26,303.41375732421875,246.78778076171875,642.5,139.30850219726562,168.80349731445312
2021-10-27,316.1917419433594,244.13186645507812,640.0800170898438,146.21749877929688,169.62449645996094
2021-10-28,317.3462829589844,249.02432250976562,639.280029296875,145.8489990234375,172.32850646972656
2021-10-29,324.45928955078125,255.27462768554688,650.3599853515625,148.04600524902344,168.6215057373047
2021-11-01,322.25787353515625,257.87060546875,640.2000122070312,143.4969940185547,165.90550231933594
2021-11-02,325.9366760253906,263.60174560546875,640.4000244140625,145.4324951171875,165.6374969482422
2021-11-03,326.787841796875,265.5686950683594,655.1799926757812,146.59800720214844,169.1999969482422
2021-11-04,329.1751403808594,297.5491638183594,674.0800170898438,148.2675018310547,173.85000610351562
2021-11-05,328.80340576171875,297.05987548828125,662.719970703125,148.8520050048828,175.94949340820312
2021-11-08,329.7132873535156,307.5636901855469,666.02001953125,149.031005859375,174.44900512695312
2021-11-09,328.6957702636719,306.095947265625,667.9199829101562,148.9185028076172,178.81149291992188
2021-11-10,323.6569519042969,294.1343994140625,647.5,145.89349365234375,174.1024932861328
2021-11-11,325.251708984375,303.4300537109375,643.1699829101562,145.76649475097656,173.625
2021-11-12,329.4491271972656,303.4300537109375,657.5999755859375,148.67799377441406,176.25750732421875
2021-11-15,328.81317138671875,299.7856140136719,659.72998046875,148.45199584960938,177.28399658203125
2021-11-16,332.1789245605469,301.5628967285156,671.030029296875,147.87600708007812,177.03500366210938
2021-11-17,332.40435791015625,292.1575012207031,670.6699829101562,148.0469970703125,177.4499969482422
2021-11-18,334.51177978515625,316.2601623535156,670.9600219726562,149.8385009765625,184.80299377441406
2021-11-19,336.3153076171875,329.3399353027344,688.3699951171875,148.92649841308594,183.82850646972656
2021-11-22,333.1002502441406,319.0658264160156,673.5700073242188,146.302001953125,178.6284942626953
2021-11-23,330.99285888671875,316.96905517578125,665.1599731445312,145.78199768066406,179.0019989013672
2021-11-24,331.21832275390625,326.2347412109375,668.3200073242188,146.1199951171875,179.02049255371094
2021-11-26,323.1512451171875,314.5428466796875,662.0999755859375,142.18299865722656,175.22799682617188
2021-11-29,329.96368408203125,333.243896484375,687.489990234375,145.53050231933594,178.07850646972656
2021-11-30,324.0432434082031,326.25469970703125,669.8499755859375,141.8975067138672,175.35350036621094
2021-12-01,323.54339599609375,313.9023742675781,657.4099731445312,141.05149841308594,172.18600463867188
2021-12-02,322.9649963378906,320.802490234375,671.8800048828125,142.96600341796875,171.8679962158203
2021-12-03,316.61334228515625,306.49285888671875,616.530029296875,142.00149536132812,169.489501953125
2021-12-06,319.7303771972656,299.94219970703125,622.0399780273438,143.15499877929688,171.36849975585938
2021-12-07,328.2875061035156,323.8081970214844,649.9600219726562,147.26950073242188,176.1645050048828
2021-12-08,328.3365173339844,317.8067626953125,653.0999755859375,148.18649291992188,176.1580047607422
2021-12-09,326.5035095214844,304.4657897949219,632.5700073242188,147.6385040283203,174.17100524902344
2021-12-10,335.7566223144531,301.5499267578125,654.4500122070312,148.00149536132812,172.21200561523438
2021-12-13,332.6788024902344,281.20892333984375,658.2999877929688,145.82650756835938,169.5675048828125
2021-12-14,321.8377990722656,282.9664611816406,614.8599853515625,143.90699768066406,169.0915069580078
2021-12-15,328.02288818359375,304.1562194824219,630.3300170898438,146.4409942626953,173.31500244140625
2021-12-16,318.4659423828125,283.4657287597656,566.0900268554688,144.44500732421875,168.87100219726562
2021-12-17,317.38775634765625,277.6141052246094,556.6400146484375,141.72500610351562,170.0175018310547
2021-12-20,313.57476806640625,276.79522705078125,549.77001953125,141.60699462890625,167.07899475097656
2021-12-21,320.8086242675781,290.3359680175781,557.52001953125,143.47250366210938,170.41700744628906
2021-12-22,326.6015625,293.5812683105469,563.97998046875,146.4149932861328,171.03700256347656
2021-12-23,328.0620422363281,295.9778747558594,569.6199951171875,146.91650390625,171.06849670410156
2021-12-27,335.66839599609375,309.00927734375,577.6799926757812,147.906494140625,169.66949462890625
2021-12-28,334.4921875,302.7881774902344,569.3599853515625,146.68699645996094,170.66099548339844
2021-12-29,335.1783142089844,299.5827941894531,569.2899780273438,146.65499877929688,169.2010040283203
2021-12-30,332.6003723144531,295.4385986328125,570.530029296875,146.20050048828125,168.64450073242188
2021-12-31,329.6597900390625,293.6911315917969,567.0599975585938,144.8520050048828,166.7169952392578
2022-01-03,328.1208801269531,300.7810363769531,564.3699951171875,144.9915008544922,170.4044952392578
2022-01-04,322.4945373535156,292.4828796386719,554.0,144.39950561523438,167.52200317382812
2022-01-05,310.1146545410156,275.6468811035156,514.4299926757812,137.77499389648438,164.35699462890625
2022-01-06,307.6641845703125,281.37872314453125,514.1199951171875,137.74749755859375,163.25399780273438
2022-01-07,307.821044921875,272.0819396972656,510.70001220703125,137.01699829101562,162.5540008544922
2022-01-10,308.0464172363281,273.6097717285156,525.8300170898438,138.66949462890625,161.48599243164062
2022-01-11,308.7424011230469,277.77386474609375,529.8900146484375,139.73599243164062,165.36199951171875
2022-01-12,311.96722412109375,279.5912780761719,532.3699951171875,141.4304962158203,165.20700073242188
2022-01-13,298.7639465332031,265.3715515136719,516.9000244140625,138.58700561523438,161.21400451660156
2022-01-14,304.0570068359375,269.03631591796875,520.5999755859375,139.48049926757812,162.13800048828125
2022-01-18,296.6565856933594,258.6611022949219,513.3400268554688,135.9980010986328,158.91749572753906
2022-01-19,297.3231201171875,250.31300354003906,516.5800170898438,135.1165008544922,156.2989959716797
2022-01-20,295.6273498535156,241.1560821533203,510.8500061035156,133.3074951171875,151.66749572753906
2022-01-21,290.16766357421875,233.4071044921875,499.9100036621094,130.35150146484375,142.64300537109375
2022-01-24,290.5008850097656,233.38714599609375,519.6599731445312,130.8040008544922,144.54400634765625
2022-01-25,282.7769775390625,222.92208862304688,502.7200012207031,126.93499755859375,139.98599243164062
2022-01-26,290.8341979980469,227.3957061767578,500.80999755859375,129.23300170898438,138.87249755859375
2022-01-27,293.9022216796875,219.12747192382812,493.04998779296875,129.0050048828125,139.6374969482422
2022-01-28,302.1554870605469,228.0747528076172,518.1599731445312,133.3509979248047,143.97799682617188
2022-01-31,304.82159423828125,244.51126098632812,534.2999877929688,135.30349731445312,149.57350158691406
2022-02-01,302.64556884765625,246.0291290283203,535.97998046875,137.6439971923828,151.19349670410156
2022-02-02,307.25250244140625,252.0605010986328,533.0900268554688,148.0,150.6125030517578
2022-02-03,295.2842712402344,239.13894653320312,510.8299865722656,143.08999633789062,138.8455047607422
2022-02-04,299.8814392089844,242.84365844726562,513.5399780273438,143.29299926757812,157.63949584960938
2022-02-07,294.990234375,246.92784118652344,507.1000061035156,139.2010040283203,157.9355010986328
2022-02-08,298.5287170410156,250.72242736816406,511.30999755859375,139.3990020751953,161.4134979248047
2022-02-09,305.04705810546875,266.66973876953125,521.75,141.5919952392578,161.1894989013672
2022-02-10,296.3918762207031,257.8721923828125,495.0199890136719,138.6199951171875,159.0034942626953
2022-02-11,289.1972351074219,239.14895629882812,473.9700012207031,134.28250122070312,153.2935028076172
2022-02-14,289.1580505371094,242.3244171142578,474.010009765625,135.5260009765625,155.16700744628906
2022-02-15,294.51971435546875,264.5726623535156,479.5,136.60850524902344,156.510498046875
2022-02-16,294.17596435546875,264.732421875,477.70001220703125,137.73800659179688,158.10049438476562
2022-02-17,285.5618896484375,244.72100830078125,457.7099914550781,132.53900146484375,154.65249633789062
2022-02-18,282.8116455078125,236.08326721191406,442.55999755859375,130.4029998779297,152.60150146484375
2022-02-22,282.60540771484375,233.56686401367188,438.3999938964844,129.81350708007812,150.19749450683594
2022-02-23,275.2878112792969,223.55117797851562,429.45001220703125,127.58799743652344,144.82699584960938
2022-02-24,289.35321044921875,237.14181518554688,463.82000732421875,132.6909942626953,151.35800170898438
2022-02-25,292.02490234375,241.22596740722656,465.5400085449219,134.45950317382812,153.7884979248047
2022-02-28,293.47857666015625,243.5027313232422,467.67999267578125,135.0570068359375,153.56300354003906
2022-03-01,289.70684814453125,234.43568420410156,466.67999267578125,134.06149291992188,151.14199829101562
2022-03-02,294.85369873046875,241.89627075195312,471.17999267578125,134.57150268554688,152.05250549316406
2022-03-03,290.65960693359375,236.8426055908203,459.0799865722656,133.89950561523438,147.89849853515625
2022-03-04,284.7073059082031,229.0723876953125,452.1300048828125,131.906494140625,145.64100646972656
2022-03-07,273.9519958496094,213.2522430419922,437.9700012207031,126.37850189208984,137.4530029296875
2022-03-08,270.9463195800781,214.87022399902344,431.5299987792969,127.10449981689453,136.01449584960938
2022-03-09,283.37152099609375,229.8513946533203,450.8699951171875,133.4199981689453,139.2790069580078
2022-03-10,280.5132141113281,226.29586791992188,438.95001220703125,132.42950439453125,146.8175048828125
2022-03-11,275.09136962890625,220.72288513183594,416.3800048828125,129.87049865722656,145.52450561523438
2022-03-14,271.5258483886719,213.03253173828125,411.5,125.95099639892578,141.85299682617188
2022-03-15,282.04547119140625,229.44192504882812,421.6600036621094,129.197998046875,147.3665008544922
2022-03-16,289.1568298339844,244.65280151367188,442.3599853515625,133.28050231933594,153.10400390625
2022-03-17,289.97210693359375,247.3494415283203,444.3599853515625,133.83900451660156,157.23899841308594
2022-03-18,295.0894470214844,264.1982421875,453.3299865722656,136.12550354003906,161.25050354003906
2022-03-21,293.8420104980469,267.0047302246094,453.5899963378906,136.10150146484375,161.4915008544922
2022-03-22,298.6548767089844,264.9073791503906,466.45001220703125,139.8679962158203,164.88900756835938
2022-03-23,294.1661071777344,256.0185241699219,422.8999938964844,138.27549743652344,163.4080047607422
2022-03-24,298.6942443847656,281.14697265625,432.1400146484375,141.57200622558594,163.64950561523438
2022-03-25,298.2816467285156,276.5727233886719,431.6199951171875,141.67300415039062,164.77349853515625
2022-03-28,305.1768798828125,281.8361511230469,450.010009765625,141.45550537109375,168.99049377441406
2022-03-29,309.80316162109375,286.2006530761719,466.3299865722656,142.5054931640625,169.31500244140625
2022-03-30,308.28070068359375,276.552734375,460.05999755859375,141.93850708007812,166.30099487304688
2022-03-31,302.8293762207031,272.5177917480469,455.6199951171875,139.0675048828125,162.99749755859375
2022-04-01,303.91961669921875,266.7850036621094,458.19000244140625,140.15049743652344,163.55999755859375
2022-04-04,309.3709716796875,273.25689697265625,468.80999755859375,142.97149658203125,168.34649658203125
2022-04-05,305.3536682128906,258.98480224609375,458.5799865722656,140.59100341796875,164.05499267578125
2022-04-06,294.17596435546875,243.763916015625,444.3299865722656,136.54800415039062,158.75599670410156
2022-04-07,296.0126953125,241.77642822265625,452.7200012207031,135.8885040283203,157.7845001220703
2022-04-08,291.69091796875,230.90008544921875,445.3399963378906,133.28750610351562,154.4604949951172
2022-04-11,280.1891174316406,218.8951416015625,434.44000244140625,128.82350158691406,151.1219940185547
2022-04-12,277.0459899902344,214.77032470703125,426.7699890136719,127.7145004272461,150.78750610351562
2022-04-13,282.50714111328125,221.75155639648438,431.6700134277344,129.8939971923828,155.54100036621094
2022-04-14,274.8556213378906,212.3134307861328,420.44000244140625,126.7300033569336,151.7064971923828
2022-04-18,275.5333251953125,217.55682373046875,425.4700012207031,127.67649841308594,152.78500366210938
2022-04-19,280.2283935546875,221.70162963867188,436.3999938964844,130.00900268554688,158.11549377441406
2022-04-20,281.2695617675781,214.55064392089844,428.1099853515625,128.0399932861328,153.9980010986328
2022-04-21,275.8182067871094,201.57691955566406,417.4800109863281,124.81449890136719,148.29600524902344
2022-04-22,269.1587219238281,194.9052734375,408.6700134277344,119.635498046875,144.35000610351562
2022-04-25,275.7298278808594,198.7704315185547,413.95001220703125,123.0739974975586,146.07400512695312
2022-04-26,265.4164123535156,187.6443634033203,399.1199951171875,118.6500015258789,139.39100646972656
2022-04-27,278.1853942871094,183.91908264160156,397.8999938964844,114.29450225830078,138.16700744628906
2022-04-28,284.4814147949219,197.57196044921875,410.5299987792969,118.52249908447266,144.59649658203125
2022-04-29,272.586669921875,185.2374267578125,395.95001220703125,114.1094970703125,124.28150177001953
2022-05-02,279.4131164550781,195.08505249023438,407.2900085449219,116.58300018310547,124.5
2022-05-03,276.7709655761719,195.77420043945312,407.5799865722656,117.33399963378906,124.25350189208984
2022-05-04,284.8252258300781,203.08499145507812,423.3500061035156,122.26100158691406,125.92849731445312
2022-05-05,272.41973876953125,188.20370483398438,400.510009765625,116.50550079345703,116.40699768066406
2022-05-06,269.8462829589844,186.51580810546875,391.010009765625,115.74649810791016,114.77249908447266
2022-05-09,259.8766784667969,169.28746032714844,376.9100036621094,112.51100158691406,108.78900146484375
2022-05-10,264.7091979980469,175.72935485839844,393.0299987792969,114.3949966430664,108.85900115966797
2022-05-11,255.91835021972656,166.09146118164062,379.3299865722656,113.60250091552734,105.37200164794922
2022-05-12,250.81077575683594,161.5471649169922,388.489990234375,112.84400177001953,106.93049621582031
2022-05-13,256.47821044921875,176.83798217773438,405.45001220703125,116.05049896240234,113.05500030517578
2022-05-16,256.8514404296875,172.42352294921875,402.8599853515625,114.44499969482422,110.81050109863281
2022-05-17,262.076904296875,181.54205322265625,409.6499938964844,116.4729995727539,115.36849975585938
2022-05-18,250.14462280273438,169.1676025390625,397.8800048828125,111.89949798583984,107.11250305175781
2022-05-19,249.21917724609375,171.0252685546875,394.3800048828125,110.38400268554688,107.31900024414062
2022-05-20,248.64816284179688,166.73065185546875,399.0899963378906,108.90799713134766,107.59100341796875
2022-05-23,256.6128234863281,168.76808166503906,406.760009765625,111.48799896240234,107.55699920654297
2022-05-24,255.5988006591797,161.33741760253906,398.4100036621094,105.97000122070312,104.0999984741211
2022-05-25,258.4538879394531,169.537109375,402.5,105.80500030517578,106.7750015258789
2022-05-26,261.78155517578125,178.2861328125,408.6000061035156,107.7925033569336,111.07749938964844
2022-05-27,269.00787353515625,187.87411499023438,428.2200012207031,112.31649780273438,115.14649963378906
2022-05-31,267.6590576171875,186.48585510253906,416.4800109863281,113.76200103759766,120.20950317382812
2022-06-01,268.2005615234375,182.9702606201172,418.1600036621094,113.89199829101562,121.68399810791016
2022-06-02,270.3271179199219,195.67433166503906,441.2799987792969,117.62249755859375,125.51100158691406
2022-06-03,265.83770751953125,186.96527099609375,429.760009765625,114.54100036621094,122.3499984741211
2022-06-06,264.5874328613281,187.6244354248047,429.4599914550781,116.82050323486328,124.79000091552734
2022-06-07,268.2793273925781,189.0226593017578,433.4200134277344,117.14949798583984,123.0
2022-06-08,266.22174072265625,186.28553771972656,428.8399963378906,117.19400024414062,121.18000030517578
2022-06-09,260.6887512207031,180.29177856445312,426.4200134277344,114.83550262451172,116.1500015258789
2022-06-10,249.07151794433594,169.56297302246094,393.8399963378906,111.1614990234375,109.6500015258789
2022-06-13,238.50770568847656,156.30682373046875,371.6499938964844,106.39250183105469,103.66999816894531
2022-06-14,240.7031707763672,158.19485473632812,370.82000732421875,106.71549987792969,102.30999755859375
2022-06-15,247.86053466796875,165.09765625,376.9200134277344,109.7645034790039,107.66999816894531
2022-06-16,241.17572021484375,155.8472900390625,365.0799865722656,106.03350067138672,103.66000366210938
2022-06-17,243.81422424316406,158.6343994140625,360.7900085449219,107.14350128173828,106.22000122070312
2022-06-21,249.8098907470703,165.4872283935547,362.989990234375,111.54399871826172,108.68000030517578
2022-06-22,249.2093505859375,163.42938232421875,365.3299865722656,111.48750305175781,108.94999694824219
2022-06-23,254.85057067871094,162.08079528808594,376.6400146484375,112.24199676513672,112.44000244140625
2022-06-24,263.5536804199219,171.08140563964844,387.7200012207031,117.9749984741211,116.45999908447266
2022-06-27,260.7872314453125,168.51406860351562,381.07000732421875,115.83350372314453,113.22000122070312
2022-06-28,252.5074462890625,159.65335083007812,365.6300048828125,112.00749969482422,107.4000015258789
2022-06-29,256.2289123535156,155.25790405273438,368.5,111.70149993896484,108.91999816894531
2022-06-30,252.85203552246094,151.43190002441406,366.05999755859375,108.96299743652344,106.20999908447266
2022-07-01,255.55941772460938,145.0785675048828,368.4800109863281,108.73750305175781,109.55999755859375
2022-07-05,258.7788391113281,149.4839630126953,376.489990234375,113.26300048828125,113.5
2022-07-06,262.0867614746094,151.14222717285156,382.8299865722656,114.5719985961914,114.33000183105469
2022-07-07,264.2428283691406,158.4146270751953,390.8900146484375,118.78299713134766,116.33000183105469
2022-07-08,263.5142822265625,158.21482849121094,389.44000244140625,119.35350036621094,115.54000091552734
2022-07-11,260.4131164550781,151.3619842529297,384.1600036621094,115.67649841308594,111.75
2022-07-12,249.740966796875,150.66270446777344,375.5400085449219,114.02050018310547,109.22000122070312
2022-07-13,248.80569458007812,151.4818572998047,371.94000244140625,111.35350036621094,110.4000015258789
2022-07-14,250.14462280273438,153.55967712402344,372.9599914550781,110.36750030517578,110.62999725341797
2022-07-15,252.74374389648438,157.4556121826172,379.8599853515625,111.77749633789062,113.55000305175781
2022-07-18,250.31199645996094,160.84207153320312,375.2300109863281,109.02999877929688,113.76000213623047
2022-07-19,255.51022338867188,169.74278259277344,387.8299865722656,113.80999755859375,118.20999908447266
2022-07-20,258.2077941894531,177.88429260253906,401.489990234375,113.9000015258789,122.7699966430664
2022-07-21,260.73797607421875,180.31173706054688,408.9100036621094,114.33999633789062,124.62999725341797
2022-07-22,256.3273620605469,173.0093994140625,401.8999938964844,107.9000015258789,122.41999816894531
2022-07-25,254.82106018066406,170.06248474121094,391.9599914550781,107.51000213623047,121.13999938964844
2022-07-26,247.99838256835938,165.15757751464844,379.260009765625,105.0199966430664,114.80999755859375
2022-07-27,264.5775451660156,177.71444702148438,392.7799987792969,113.05999755859375,120.97000122070312
2022-07-28,272.1287841796875,179.65245056152344,403.5,114.22000122070312,122.27999877929688
2022-07-29,276.3917236328125,181.4405975341797,410.1199951171875,116.31999969482422,134.9499969482422
2022-08-01,273.7040100097656,184.21768188476562,411.0899963378906,114.86000061035156,135.38999938964844
2022-08-02,270.5634460449219,185.0667724609375,409.9599914550781,115.12999725341797,134.16000366210938
2022-08-03,278.0948791503906,188.73297119140625,424.5400085449219,118.08000183105469,139.52000427246094
2022-08-04,279.2566223144531,191.9495849609375,430.5899963378906,118.19000244140625,142.57000732421875
2022-08-05,278.528076171875,189.6919708251953,433.42999267578125,117.47000122070312,140.8000030517578
2022-08-08,275.9781799316406,177.7444305419922,434.3399963378906,117.30000305175781,139.41000366210938
2022-08-09,277.9275207519531,170.68182373046875,426.57000732421875,116.62999725341797,137.8300018310547
2022-08-10,284.6812744140625,180.78128051757812,438.3999938964844,119.69999694824219,142.69000244140625
2022-08-11,282.57440185546875,179.23287963867188,434.8900146484375,118.83999633789062,140.63999938964844
2022-08-12,287.388671875,186.89491271972656,445.6700134277344,121.68000030517578,143.5500030517578
2022-08-15,288.9245300292969,190.12152099609375,451.0199890136719,122.08000183105469,143.17999267578125
2022-08-16,288.1763000488281,188.59312438964844,447.55999755859375,121.69999694824219,144.77999877929688
2022-08-17,287.4165954589844,183.15879821777344,437.82000732421875,119.55000305175781,142.10000610351562
2022-08-18,286.2820129394531,187.53421020507812,439.0299987792969,120.16999816894531,142.3000030517578
2022-08-19,282.3158874511719,178.30386352539062,425.05999755859375,117.20999908447266,138.22999572753906
2022-08-22,274.0284118652344,170.16233825683594,411.3500061035156,114.23999786376953,133.22000122070312
2022-08-23,272.7359924316406,171.6308135986328,410.4100036621094,113.86000061035156,133.6199951171875
2022-08-24,272.0946960449219,172.0404052734375,405.6499938964844,113.69000244140625,133.8000030517578
2022-08-25,275.1136779785156,178.94320678710938,403.92999267578125,116.6500015258789,137.27999877929688
2022-08-26,264.4978332519531,162.43045043945312,381.0199890136719,110.33999633789062,130.75
2022-08-29,261.67620849609375,157.84521484375,375.260009765625,109.41999816894531,129.7899932861328
2022-08-30,259.4465026855469,154.5186767578125,375.07000732421875,108.94000244140625,128.72999572753906
2022-08-31,257.9665832519531,150.78260803222656,373.44000244140625,108.22000122070312,126.7699966430664
2022-09-01,256.9108581542969,139.2246551513672,370.5299987792969,109.73999786376953,127.81999969482422
2022-09-02,252.62904357910156,136.32766723632812,368.1400146484375,107.8499984741211,127.51000213623047
2022-09-06,249.856689453125,134.50958251953125,368.29998779296875,106.80999755859375,126.11000061035156
2022-09-07,254.63185119628906,137.0376739501953,379.7200012207031,109.44999694824219,129.47999572753906
2022-09-08,255.0560760498047,139.7956085205078,383.6300048828125,108.37999725341797,129.82000732421875
2022-09-09,260.9164733886719,143.76266479492188,394.7799987792969,110.6500015258789,133.27000427246094
2022-09-12,263.0771789550781,144.9417724609375,396.3599853515625,110.86000061035156,136.4499969482422
2022-09-13,248.61358642578125,131.2120361328125,368.3900146484375,104.31999969482422,126.81999969482422
2022-09-14,248.84051513671875,131.18206787109375,371.5199890136719,105.0,128.5500030517578
2022-09-15,242.09214782714844,129.1935272216797,309.1300048828125,102.91000366210938,126.27999877929688
2022-09-16,241.4607391357422,131.8815460205078,299.5,102.80000305175781,123.52999877929688
2022-09-19,241.24368286132812,133.72018432617188,296.05999755859375,103.06999969482422,124.66000366210938
2022-09-20,239.201416015625,131.66171264648438,291.05999755859375,101.13999938964844,122.19000244140625
2022-09-21,235.74830627441406,132.5110626220703,286.29998779296875,99.27999877929688,118.54000091552734
2022-09-22,237.7510986328125,125.51628875732422,287.05999755859375,100.13999938964844,117.30999755859375
2022-09-23,234.73211669921875,125.0666275024414,284.55999755859375,98.73999786376953,113.77999877929688
2022-09-26,234.26840209960938,122.18877410888672,276.9599914550781,98.16999816894531,115.1500015258789
2022-09-27,233.2423553466797,124.03739929199219,277.57000732421875,97.5,114.41000366210938
2022-09-28,237.83993530273438,127.2649917602539,281.3999938964844,100.05000305175781,118.01000213623047
2022-09-29,234.31773376464844,122.10883331298828,278.25,97.41999816894531,114.80000305175781
2022-09-30,229.77935791015625,121.29944610595703,275.20001220703125,95.6500015258789,113.0
2022-10-03,237.5143280029297,125.02666473388672,285.239990234375,98.63999938964844,115.87999725341797
2022-10-04,245.54527282714844,131.57174682617188,294.9700012207031,101.63999938964844,121.08999633789062
2022-10-05,245.86097717285156,131.99143981933594,297.3800048828125,101.43000030517578,120.94999694824219
2022-10-06,243.4832763671875,131.20204162597656,298.4100036621094,101.41999816894531,120.30000305175781
2022-10-07,231.10142517089844,120.669921875,288.7699890136719,98.68000030517578,114.55999755859375
2022-10-10,226.17828369140625,116.61293029785156,285.7200012207031,97.86000061035156,113.66999816894531
2022-10-11,222.3897247314453,115.77357482910156,284.8299865722656,97.18000030517578,112.20999908447266
2022-10-12,222.7251739501953,114.9142074584961,286.1499938964844,97.55999755859375,112.9000015258789
2022-10-13,231.10142517089844,119.51078033447266,294.739990234375,99.05999755859375,112.52999877929688
2022-10-14,225.4975128173828,112.18623352050781,287.94000244140625,96.55999755859375,106.9000015258789
2022-10-17,234.3473358154297,118.79131317138672,293.5,99.97000122070312,113.79000091552734
2022-10-18,235.30433654785156,119.5807113647461,292.9800109863281,100.7699966430664,116.36000061035156
2022-10-19,233.31141662597656,120.42009735107422,299.8299865722656,99.62999725341797,115.06999969482422
2022-10-20,232.98580932617188,121.84902954101562,302.3800048828125,99.97000122070312,115.25
2022-10-21,238.87583923339844,124.56700897216797,306.3699951171875,101.12999725341797,119.31999969482422
2022-10-24,243.93711853027344,125.89598846435547,316.2200012207031,102.5199966430664,119.81999969482422
2022-10-25,247.30140686035156,132.5110626220703,323.7900085449219,104.4800033569336,120.5999984741211
2022-10-26,228.22055053710938,128.86380004882812,320.4800109863281,94.93000030517578,115.66000366210938
2022-10-27,223.71177673339844,131.66171264648438,318.6499938964844,92.22000122070312,110.95999908447266
2022-10-28,232.70956420898438,138.23678588867188,325.67999267578125,96.29000091552734,103.41000366210938
2022-10-31,229.0196990966797,134.8693084716797,318.5,94.51000213623047,102.44000244140625
2022-11-01,225.1127471923828,135.32896423339844,316.0199890136719,90.47000122070312,96.79000091552734
2022-11-02,217.15087890625,132.0913848876953,301.2200012207031,86.97000122070312,92.12000274658203
2022-11-03,211.3792724609375,134.10989379882812,285.92999267578125,83.43000030517578,89.30000305175781
2022-11-04,218.42361450195312,141.45437622070312,285.75,86.58000183105469,90.9800033569336
2022-11-07,224.8167724609375,142.90328979492188,299.5400085449219,88.48999786376953,90.52999877929688
2022-11-08,225.80335998535156,145.91107177734375,302.1700134277344,88.9000015258789,89.9800033569336
2022-11-09,221.50180053710938,137.65721130371094,298.8699951171875,87.31999969482422,86.13999938964844
2022-11-10,239.72430419921875,157.38250732421875,329.95001220703125,93.94000244140625,96.62999725341797
2022-11-11,243.79896545410156,163.148193359375,341.1499938964844,96.41000366210938,100.79000091552734
2022-11-14,238.3134765625,162.82843017578125,340.3699951171875,95.69999694824219,98.48999786376953
2022-11-15,238.7278289794922,166.5356903076172,345.9599914550781,98.44000244140625,98.94000244140625
2022-11-16,239.1631622314453,158.98130798339844,338.4100036621094,98.8499984741211,97.12000274658203
2022-11-17,239.1136932373047,156.65306091308594,337.8299865722656,98.36000061035156,94.8499984741211
2022-11-18,238.6585693359375,153.9750213623047,330.8599853515625,97.43000030517578,94.13999938964844
2022-11-21,239.47976684570312,153.05572509765625,321.489990234375,95.5999984741211,92.45999908447266
2022-11-22,242.42813110351562,160.26036071777344,330.8800048828125,97.05000305175781,93.19999694824219
2022-11-23,244.9510498046875,165.06675720214844,335.7799987792969,98.45999908447266,94.12999725341797
2022-11-25,244.8620147705078,162.57862854003906,334.29998779296875,97.45999908447266,93.41000366210938
2022-11-28,239.19285583496094,158.15191650390625,328.9700012207031,96.05000305175781,93.94999694824219
2022-11-29,237.77804565429688,156.27333068847656,326.7799987792969,95.19000244140625,92.41999816894531
2022-11-30,252.43075561523438,169.14700317382812,344.92999267578125,100.98999786376953,96.54000091552734
2022-12-01,251.98553466796875,171.26597595214844,344.1099853515625,100.98999786376953,95.5
2022-12-02,252.3120574951172,168.67723083496094,341.5299987792969,100.44000244140625,94.12999725341797
2022-12-05,247.54324340820312,166.0185546875,334.0899963378906,99.4800033569336,91.01000213623047
2022-12-06,242.51715087890625,159.79159545898438,331.1499938964844,96.9800033569336,88.25
2022-12-07,241.77513122558594,161.1209259033203,326.67999267578125,94.94000244140625,88.45999908447266
2022-12-08,244.77294921875,171.60581970214844,332.5799865722656,93.70999908447266,90.3499984741211
2022-12-09,242.81399536132812,169.92662048339844,330.6400146484375,92.83000183105469,89.08999633789062
2022-12-12,249.82870483398438,175.26402282714844,338.1700134277344,93.30999755859375,90.55000305175781
2022-12-13,254.19187927246094,180.63137817382812,342.4599914550781,95.62999725341797,92.48999786376953
2022-12-14,254.4886932373047,176.65335083007812,339.9200134277344,95.06999969482422,91.58000183105469
2022-12-15,246.36585998535156,169.43685913085938,328.7099914550781,90.86000061035156,88.44999694824219
2022-12-16,242.09173583984375,165.6287384033203,338.5400085449219,90.26000213623047,87.86000061035156
2022-12-19,237.89675903320312,162.46029663085938,328.760009765625,88.44000244140625,84.91999816894531
2022-12-20,239.23243713378906,160.7711181640625,338.2200012207031,89.0199966430664,85.19000244140625
2022-12-21,241.83447265625,164.9290771484375,341.3800048828125,89.58000183105469,86.7699966430664
2022-12-22,235.66075134277344,153.31475830078125,336.5199890136719,87.76000213623047,83.79000091552734
2022-12-23,236.1950225830078,151.9854278564453,338.45001220703125,89.2300033569336,85.25
2022-12-27,234.44381713867188,141.14076232910156,335.0899963378906,87.38999938964844,83.04000091552734
2022-12-28,232.03961181640625,140.29116821289062,328.3299865722656,86.0199966430664,81.81999969482422
2022-12-29,238.4508056640625,145.95838928222656,337.5799865722656,88.44999694824219,84.18000030517578
2022-12-30,237.2734375,146.06832885742188,336.5299987792969,88.2300033569336,84.0
2023-01-03,237.03599548339844,143.0797882080078,336.9200134277344,89.12000274658203,85.81999969482422
2023-01-04,226.66729736328125,147.4176788330078,341.4100036621094,88.08000183105469,85.13999938964844
2023-01-05,219.9493865966797,142.5800323486328,328.44000244140625,86.19999694824219,83.12000274658203
2023-01-06,222.5415496826172,148.51712036132812,332.75,87.33999633789062,86.08000183105469
2023-01-09,224.7082977294922,156.203369140625,341.9800109863281,88.0199966430664,87.36000061035156
2023-01-10,226.41993713378906,159.01199340820312,338.70001220703125,88.41999816894531,89.87000274658203
2023-01-11,233.26646423339844,159.93153381347656,342.92999267578125,91.5199966430664,95.08999633789062
2023-01-12,235.97735595703125,165.02902221679688,344.5400085449219,91.12999725341797,95.2699966430664
2023-01-13,236.68971252441406,168.90711975097656,344.3800048828125,92.12000274658203,98.12000274658203
2023-01-17,237.79783630371094,176.93319702148438,344.3800048828125,91.29000091552734,96.05000305175781
2023-01-18,233.30601501464844,173.68479919433594,341.30999755859375,91.12000274658203,95.45999908447266
2023-01-19,229.4672088623047,167.56777954101562,342.5299987792969,93.05000305175781,93.68000030517578
2023-01-20,237.66920471191406,178.30250549316406,356.3800048828125,98.0199966430664,97.25
2023-01-23,240.00413513183594,191.83587646484375,364.9800109863281,99.79000091552734,97.5199966430664
2023-01-24,239.46987915039062,192.55552673339844,361.32000732421875,97.69999694824219,96.31999969482422
2023-01-25,238.05506896972656,193.13523864746094,358.1700134277344,95.22000122070312,97.18000030517578
2023-01-26,245.3665771484375,197.92288208007812,365.82000732421875,97.5199966430664,99.22000122070312
2023-01-27,245.52488708496094,203.5501251220703,370.7099914550781,99.37000274658203,102.23999786376953
2023-01-30,240.13278198242188,191.52603149414062,363.4200134277344,96.94000244140625,100.55000305175781
2023-01-31,245.17860412597656,195.27418518066406,370.3399963378906,98.83999633789062,103.12999725341797
2023-02-01,250.06614685058594,209.32730102539062,383.9200134277344,100.43000030517578,105.1500015258789
2023-02-02,261.7903137207031,216.98355102539062,392.2300109863281,107.73999786376953,112.91000366210938
2023-02-03,255.606689453125,210.89649963378906,379.3299865722656,104.77999877929688,103.38999938964844
2023-02-06,254.04344177246094,210.78659057617188,375.2300109863281,102.9000015258789,102.18000030517578
2023-02-07,264.7188720703125,221.62124633789062,383.82000732421875,107.63999938964844,102.11000061035156
2023-02-08,263.897705078125,221.94110107421875,378.3599853515625,99.37000274658203,100.05000305175781
2023-02-09,260.8207092285156,223.2604522705078,375.80999755859375,95.01000213623047,98.23999786376953
2023-02-10,260.3062438964844,212.5457000732422,370.989990234375,94.56999969482422,97.61000061035156
2023-02-13,268.43896484375,217.77316284179688,375.0,94.61000061035156,99.54000091552734
2023-02-14,269.27996826171875,229.59735107421875,377.8999938964844,94.68000030517578,99.69999694824219
2023-02-15,267.12762451171875,227.5283660888672,375.94000244140625,96.94000244140625,101.16000366210938
2023-02-16,260.0159606933594,219.912109375,365.1600036621094,95.51000213623047,98.1500015258789
2023-02-17,255.95925903320312,213.77511596679688,356.8500061035156,94.3499984741211,97.19999694824219
2023-02-21,250.61314392089844,206.44869995117188,346.70001220703125,91.79000091552734,94.58000183105469
2023-02-22,249.46258544921875,207.43821716308594,348.7200012207031,91.6500015258789,95.79000091552734
2023-02-23,252.696044921875,236.52395629882812,347.0199890136719,90.88999938964844,95.81999969482422
2023-02-24,247.1912384033203,232.7458038330078,320.5400085449219,89.12999725341797,93.5
2023-02-27,248.1235809326172,234.89474487304688,322.32000732421875,89.87000274658203,93.76000213623047
